id,first_name,last_name,email,gender,ip_address
1,Rosmunda,Scorer,rscorer0@linkedin.com,Female,48.183.37.84
2,Ayn,Foxten,afoxten1@cpanel.net,Female,30.74.15.124
3,Gav,Sheriff,gsheriff2@amazon.de,Male,85.14.3.216
4,Ede,Patington,epatington3@merriam-webster.com,Female,123.220.174.211
5,Vin,Kempster,vkempster4@dmoz.org,Genderfluid,177.203.240.225
6,Jessey,Karle,jkarle5@deliciousdays.com,Male,255.2.110.50
7,Rupert,Hanbury-Brown,rhanburybrown6@newyorker.com,Genderqueer,250.69.176.97
8,Denney,Ffrench,dffrench7@indiatimes.com,Male,147.137.60.241
9,Nathalia,Dowdell,ndowdell8@dell.com,Non-binary,176.234.25.179
10,Emmeline,Cardillo,ecardillo9@ameblo.jp,Polygender,195.147.235.78
11,Rawley,McDonand,rmcdonanda@wp.com,Agender,251.61.243.15
12,Jillayne,Currao,jcurraob@sogou.com,Female,15.79.152.124
13,Kienan,Enderby,kenderbyc@weebly.com,Male,144.149.79.101
14,Grazia,Margram,gmargramd@blog.com,Female,4.15.61.73
15,Ertha,Wybern,ewyberne@soup.io,Female,243.102.58.84
16,Noak,Britney,nbritneyf@uol.com.br,Male,33.225.104.186
17,Baryram,Dursley,bdursleyg@soundcloud.com,Male,219.236.17.101
18,Pearce,Price,ppriceh@netlog.com,Male,175.61.181.66
19,Netta,Strangman,nstrangmani@nasa.gov,Female,219.1.190.134
20,Carmon,Hebble,chebblej@sina.com.cn,Female,38.51.169.0
21,Henrie,McEneny,hmcenenyk@cam.ac.uk,Female,229.89.200.236
22,Kayley,Gulland,kgullandl@multiply.com,Female,254.155.185.185
23,Emmett,Laven,elavenm@freewebs.com,Male,118.168.39.239
24,Danyelle,Keepe,dkeepen@epa.gov,Female,62.144.147.15
25,Abeu,Frankum,afrankumo@mysql.com,Male,96.70.229.27
26,Curtice,Voak,cvoakp@studiopress.com,Agender,91.170.83.218
27,Kalle,Pasmore,kpasmoreq@youtu.be,Male,211.210.151.157
28,Brit,Petruk,bpetrukr@homestead.com,Male,230.81.103.48
29,Theodore,Hylden,thyldens@nhs.uk,Male,86.96.129.253
30,Mar,Saundercock,msaundercockt@businesswire.com,Male,247.200.8.80
31,Win,Heardman,wheardmanu@discovery.com,Male,100.187.154.123
32,Duncan,Leare,dlearev@infoseek.co.jp,Male,13.89.106.189
33,Eugenio,Vallintine,evallintinew@ow.ly,Male,147.55.156.0
34,Bayard,Lamborne,blambornex@goo.gl,Male,166.31.242.248
35,Joellyn,Walding,jwaldingy@howstuffworks.com,Female,116.45.124.187
36,Sheba,Gail,sgailz@psu.edu,Female,4.223.69.186
37,Zachery,Tippler,ztippler10@paginegialle.it,Non-binary,178.218.175.68
38,Anne-corinne,Bickell,abickell11@eepurl.com,Female,44.156.19.1
39,Lu,Biffin,lbiffin12@businessweek.com,Female,202.17.196.238
40,Regan,Tinan,rtinan13@bbb.org,Male,52.66.254.17
41,Evita,Robbert,erobbert14@networksolutions.com,Female,132.171.10.221
42,Ulla,Burl,uburl15@dailymail.co.uk,Female,23.219.124.68
43,Beau,Wain,bwain16@geocities.com,Male,249.219.50.218
44,Domenico,Willshear,dwillshear17@marketwatch.com,Male,70.15.247.236
45,Emelia,Hawyes,ehawyes18@msn.com,Female,225.56.35.64
46,Lorianna,Ellsworthe,lellsworthe19@fema.gov,Female,67.204.10.102
47,Flory,Lannen,flannen1a@google.co.uk,Agender,90.44.141.136
48,Gian,Coulton,gcoulton1b@hp.com,Male,193.229.94.71
49,Tomlin,Madison,tmadison1c@oakley.com,Male,63.64.74.85
50,Deva,Vaggs,dvaggs1d@archive.org,Female,24.115.138.136
51,Zachariah,Sterrie,zsterrie1e@de.vu,Male,142.227.86.201
52,Tuck,Bushill,tbushill1f@eepurl.com,Male,25.248.19.34
53,Gan,Degoey,gdegoey1g@mysql.com,Male,98.51.94.106
54,Jennifer,Britch,jbritch1h@yellowbook.com,Female,75.177.239.2
55,Remington,Hullah,rhullah1i@vkontakte.ru,Male,89.216.20.43
56,Dawna,Swettenham,dswettenham1j@tamu.edu,Female,6.169.25.6
57,Trevar,Landes,tlandes1k@booking.com,Male,39.135.138.231
58,Leoline,Lewsley,llewsley1l@seesaa.net,Female,196.125.155.187
59,Myrtle,Evett,mevett1m@cnbc.com,Female,80.152.54.90
60,Cornie,Peffer,cpeffer1n@vkontakte.ru,Female,224.222.231.118
61,Jenine,Giamitti,jgiamitti1o@bluehost.com,Female,220.66.66.18
62,Ignacio,Granham,igranham1p@skyrock.com,Male,227.222.19.13
63,Ferdie,Andric,fandric1q@tuttocitta.it,Male,47.214.87.184
64,Mireielle,Pee,mpee1r@cbsnews.com,Female,151.11.170.11
65,Robenia,Kalinsky,rkalinsky1s@sina.com.cn,Female,112.37.186.141
66,Camila,Gately,cgately1t@free.fr,Female,160.112.135.150
67,Alphonso,Dargavel,adargavel1u@youtu.be,Male,41.37.18.1
68,Hayden,Cowup,hcowup1v@photobucket.com,Male,5.189.188.130
69,Lezley,Cornelis,lcornelis1w@epa.gov,Male,211.146.208.242
70,Far,Donoher,fdonoher1x@comcast.net,Male,30.229.37.23
71,Bearnard,Syratt,bsyratt1y@infoseek.co.jp,Male,86.170.247.194
72,Evan,Muscat,emuscat1z@soup.io,Male,40.37.26.80
73,Darill,Brettor,dbrettor20@list-manage.com,Male,176.114.13.200
74,Marilee,Audley,maudley21@oracle.com,Female,162.208.162.37
75,Myrna,Beasant,mbeasant22@mapquest.com,Female,95.91.58.196
76,Windy,Manass,wmanass23@ft.com,Female,111.32.87.96
77,Meaghan,Winthrop,mwinthrop24@diigo.com,Female,168.134.1.100
78,Idalia,McQuarter,imcquarter25@elpais.com,Female,73.235.82.215
79,Zebedee,Symper,zsymper26@wired.com,Male,109.92.149.4
80,Elvera,Drynan,edrynan27@wordpress.com,Female,15.126.86.138
81,Nero,Luxton,nluxton28@mapquest.com,Male,93.179.84.190
82,Hal,Inde,hinde29@bigcartel.com,Male,213.71.190.62
83,Mariya,Rumbellow,mrumbellow2a@auda.org.au,Female,200.158.116.225
84,Beck,Durrad,bdurrad2b@yellowbook.com,Male,23.191.4.106
85,Reese,Boole,rboole2c@livejournal.com,Male,52.26.46.65
86,Duane,Walczynski,dwalczynski2d@google.com.hk,Male,116.119.207.102
87,Nixie,Tropman,ntropman2e@about.com,Female,215.231.72.182
88,Franky,Lowder,flowder2f@prlog.org,Female,117.5.250.63
89,Amargo,Wakley,awakley2g@sciencedaily.com,Female,5.6.178.165
90,Beale,Blasiak,bblasiak2h@marriott.com,Male,3.11.180.155
91,Cosimo,Leyfield,cleyfield2i@t-online.de,Male,149.1.65.212
92,Carolynn,MacLure,cmaclure2j@google.nl,Female,184.31.226.107
93,Angelico,Sexten,asexten2k@weather.com,Male,151.10.24.247
94,Jarid,Hince,jhince2l@facebook.com,Male,253.152.65.192
95,Dennie,Bowart,dbowart2m@qq.com,Male,254.62.135.169
96,Florence,Lumm,flumm2n@un.org,Female,105.0.32.126
97,Rafferty,Letcher,rletcher2o@mail.ru,Male,66.157.31.252
98,Delly,Marke,dmarke2p@kickstarter.com,Female,153.218.47.103
99,Forster,McGerraghty,fmcgerraghty2q@go.com,Male,131.84.31.52
100,Layla,Addinall,laddinall2r@trellian.com,Female,241.97.127.33
101,Urson,Callendar,ucallendar2s@mapy.cz,Male,69.172.10.4
102,Elias,Kneale,ekneale2t@123-reg.co.uk,Male,204.87.170.142
103,Deloria,Fullick,dfullick2u@ibm.com,Female,208.102.17.244
104,Hilary,Gluyus,hgluyus2v@umich.edu,Male,84.186.245.103
105,Holly,Gisby,hgisby2w@blog.com,Male,23.196.242.30
106,Bliss,McCaskell,bmccaskell2x@cdc.gov,Female,222.128.248.15
107,Stanislaus,Hymer,shymer2y@cocolog-nifty.com,Male,130.16.254.202
108,Yuri,Chesshire,ychesshire2z@slashdot.org,Male,135.146.182.246
109,Emilia,Josilevich,ejosilevich30@pcworld.com,Female,118.84.228.254
110,Ermin,Van Velde,evanvelde31@dropbox.com,Male,240.18.203.138
111,Cordie,Saye,csaye32@sbwire.com,Male,233.88.187.65
112,Demetri,Dearle-Palser,ddearlepalser33@infoseek.co.jp,Genderqueer,162.128.109.169
113,Alexina,Vercruysse,avercruysse34@earthlink.net,Bigender,75.155.70.223
114,Talbert,Waterdrinker,twaterdrinker35@eepurl.com,Male,55.75.25.126
115,Iain,Rabbe,irabbe36@eventbrite.com,Genderfluid,179.91.239.88
116,Dorree,Raper,draper37@spiegel.de,Female,182.127.34.55
117,Goldarina,Woolliams,gwoolliams38@washington.edu,Bigender,34.121.53.37
118,Heall,Osgorby,hosgorby39@dropbox.com,Genderfluid,191.221.238.156
119,Ronnie,Rouchy,rrouchy3a@oaic.gov.au,Male,17.36.78.117
120,Caritta,Ianitti,cianitti3b@dailymail.co.uk,Female,193.253.179.101
121,Sonia,Kemish,skemish3c@economist.com,Female,156.242.21.183
122,Dex,Poag,dpoag3d@dmoz.org,Male,165.86.28.249
123,Hallsy,Fotherby,hfotherby3e@comcast.net,Male,168.138.32.174
124,Magnum,Squire,msquire3f@xinhuanet.com,Male,252.156.254.67
125,Pryce,Gaytor,pgaytor3g@globo.com,Male,240.78.69.141
126,Janean,Deans,jdeans3h@bloomberg.com,Genderfluid,20.186.67.140
127,Lucius,Beevor,lbeevor3i@uiuc.edu,Male,132.104.75.154
128,Hestia,Dory,hdory3j@facebook.com,Female,189.252.236.102
129,Gale,Swires,gswires3k@adobe.com,Agender,159.97.134.80
130,Joey,Tows,jtows3l@ft.com,Male,82.123.78.102
131,Dana,Blaasch,dblaasch3m@cmu.edu,Male,207.46.137.56
132,Jennica,Armitt,jarmitt3n@sogou.com,Female,223.147.43.83
133,Ennis,Natte,enatte3o@fotki.com,Male,51.106.34.111
134,Haslett,Tabour,htabour3p@comcast.net,Male,65.252.82.23
135,Sula,Featonby,sfeatonby3q@slideshare.net,Female,233.254.11.94
136,Nathanael,Caffrey,ncaffrey3r@deviantart.com,Male,206.17.10.51
137,Rockey,Cromett,rcromett3s@slate.com,Bigender,212.124.196.21
138,Ardella,Chellam,achellam3t@theguardian.com,Agender,83.53.136.241
139,Robert,Bolletti,rbolletti3u@tumblr.com,Male,20.64.242.93
140,Quillan,Farnfield,qfarnfield3v@cbslocal.com,Male,155.96.253.73
141,Margit,Edy,medy3w@yellowbook.com,Female,43.130.196.219
142,Doloritas,Leming,dleming3x@github.io,Female,96.8.171.55
143,Arline,Fitzsymons,afitzsymons3y@ucoz.ru,Female,244.43.234.129
144,Ade,Beagin,abeagin3z@wsj.com,Male,133.97.172.57
145,Lonnie,Hartly,lhartly40@booking.com,Male,74.72.219.255
146,Domeniga,Dutch,ddutch41@surveymonkey.com,Female,66.181.99.38
147,Hodge,Oris,horis42@123-reg.co.uk,Male,77.69.167.34
148,Rockwell,Walthew,rwalthew43@washington.edu,Male,13.137.77.61
149,Sunshine,Thomassen,sthomassen44@51.la,Female,229.75.245.32
150,Fin,Chesman,fchesman45@zimbio.com,Male,20.137.132.166
151,Jareb,Kinder,jkinder46@blinklist.com,Male,57.211.92.48
152,Anderea,Brecknock,abrecknock47@purevolume.com,Female,103.253.20.211
153,Llewellyn,Bremner,lbremner48@techcrunch.com,Male,28.110.253.47
154,Axe,Gaspar,agaspar49@omniture.com,Male,45.37.70.190
155,Hope,Alford,halford4a@fema.gov,Female,144.114.86.49
156,Garfield,Bonin,gbonin4b@1und1.de,Male,168.159.101.16
157,Jacky,Aberkirdo,jaberkirdo4c@un.org,Agender,234.212.243.223
158,Lira,Rigler,lrigler4d@timesonline.co.uk,Female,61.208.131.10
159,Corliss,Bourner,cbourner4e@ucsd.edu,Female,205.146.155.97
160,Hinda,Quarlis,hquarlis4f@nifty.com,Female,249.126.28.194
161,Gratia,Bille,gbille4g@dell.com,Female,77.10.96.195
162,Lilian,Guitton,lguitton4h@jugem.jp,Female,35.150.78.213
163,Jo,Salmond,jsalmond4i@lycos.com,Female,153.121.18.232
164,Binni,Manuelli,bmanuelli4j@ucoz.com,Female,56.137.184.72
165,Kippy,Westley,kwestley4k@multiply.com,Female,17.219.135.247
166,Alvan,Nation,anation4l@wikia.com,Male,224.130.34.192
167,Cam,Ashley,cashley4m@artisteer.com,Polygender,79.152.34.31
168,Silva,Bowdler,sbowdler4n@blinklist.com,Female,202.118.36.7
169,Junina,Thecham,jthecham4o@wikipedia.org,Female,65.107.249.54
170,Isis,Orrom,iorrom4p@redcross.org,Female,5.249.224.240
171,Hansiain,Kirstein,hkirstein4q@de.vu,Bigender,240.189.255.122
172,Philomena,Kuhnt,pkuhnt4r@creativecommons.org,Female,169.9.23.19
173,Isadore,Skeech,iskeech4s@mozilla.com,Male,75.182.8.176
174,Bern,Izakson,bizakson4t@epa.gov,Male,114.180.129.49
175,Gertrude,Guntrip,gguntrip4u@ifeng.com,Female,178.52.29.66
176,Dore,Fawdry,dfawdry4v@t-online.de,Female,17.61.52.159
177,Quinn,Dunham,qdunham4w@mapy.cz,Male,6.107.42.242
178,Davie,Pedwell,dpedwell4x@google.nl,Male,172.215.138.93
179,Tom,Stringfellow,tstringfellow4y@reference.com,Male,165.190.58.206
180,Irena,De Mattia,idemattia4z@usda.gov,Genderfluid,97.85.93.76
181,Davie,Dyde,ddyde50@nyu.edu,Male,243.176.143.102
182,Silvan,Elflain,selflain51@zdnet.com,Male,7.201.141.246
183,Darcey,Phidgin,dphidgin52@cnn.com,Female,249.201.41.10
184,Heddi,O'Bradain,hobradain53@odnoklassniki.ru,Female,159.198.193.175
185,Ilyse,Hotton,ihotton54@devhub.com,Female,189.90.251.167
186,Enrika,Burgne,eburgne55@goo.gl,Female,150.103.184.189
187,Yorgos,Musk,ymusk56@moonfruit.com,Male,80.229.253.89
188,Raimondo,Mc Carroll,rmccarroll57@issuu.com,Male,74.162.40.235
189,Flory,Calam,fcalam58@google.es,Female,69.233.241.189
190,Rachel,Befroy,rbefroy59@xinhuanet.com,Female,177.170.180.136
191,Jorey,Stollman,jstollman5a@netvibes.com,Polygender,159.148.238.175
192,Davon,World,dworld5b@virginia.edu,Male,203.40.100.77
193,Steffen,Rudsdell,srudsdell5c@vinaora.com,Male,41.91.204.30
194,Erik,Cabrales,ecabrales5d@amazon.co.jp,Male,56.132.66.174
195,Arabel,Fausset,afausset5e@nature.com,Female,4.9.129.14
196,Coletta,Topham,ctopham5f@businessinsider.com,Female,145.247.171.91
197,Jayme,Rampling,jrampling5g@amazon.de,Female,100.247.137.23
198,Mikael,Hulett,mhulett5h@walmart.com,Male,80.31.123.56
199,Obie,Poulsen,opoulsen5i@creativecommons.org,Male,121.161.45.62
200,Wernher,Malthus,wmalthus5j@cbsnews.com,Male,239.58.126.125
201,Ruddy,Jopling,rjopling5k@qq.com,Male,178.69.81.231
202,Marwin,Passmore,mpassmore5l@oakley.com,Male,179.139.89.94
203,Roderick,Barkley,rbarkley5m@hp.com,Male,252.211.1.209
204,Jessamine,Lindro,jlindro5n@ucoz.com,Female,113.141.224.133
205,Carolan,Roset,croset5o@bbb.org,Female,74.88.125.170
206,Zondra,Fairfoot,zfairfoot5p@ezinearticles.com,Female,79.28.167.79
207,Peterus,Malamore,pmalamore5q@google.com.br,Male,98.208.117.252
208,Cecil,Potten,cpotten5r@hud.gov,Male,61.129.68.228
209,Clemens,Josuweit,cjosuweit5s@360.cn,Bigender,206.54.236.193
210,Josie,Hayfield,jhayfield5t@hhs.gov,Female,214.62.127.205
211,Arlyn,Hollington,ahollington5u@columbia.edu,Female,254.27.247.231
212,Rocky,Brounsell,rbrounsell5v@mapy.cz,Male,239.19.29.24
213,Graig,Arstall,garstall5w@hubpages.com,Male,65.230.72.202
214,Austine,Larive,alarive5x@smh.com.au,Polygender,89.89.21.95
215,Lothario,Reffe,lreffe5y@ask.com,Male,32.84.171.63
216,Rutter,Freckelton,rfreckelton5z@deliciousdays.com,Male,80.58.14.226
217,Gordy,Rowswell,growswell60@slashdot.org,Male,76.180.80.68
218,Stillman,Conn,sconn61@yandex.ru,Male,244.62.220.20
219,Gracie,Frankel,gfrankel62@amazon.com,Female,224.239.47.174
220,Roy,Walster,rwalster63@zdnet.com,Male,13.123.118.240
221,Omero,Gooda,ogooda64@stumbleupon.com,Male,138.177.171.45
222,Lind,Tapper,ltapper65@jimdo.com,Female,99.160.143.105
223,Penni,Kondrachenko,pkondrachenko66@amazonaws.com,Female,138.119.57.242
224,Elnar,Gomme,egomme67@craigslist.org,Male,50.144.20.97
225,Lurline,Colafate,lcolafate68@columbia.edu,Female,213.111.4.153
226,Reeta,Hansley,rhansley69@microsoft.com,Female,64.56.73.95
227,Cosmo,Hale,chale6a@biglobe.ne.jp,Male,84.4.77.134
228,Corbet,Elcox,celcox6b@wikispaces.com,Male,218.207.109.75
229,Dwight,Nafziger,dnafziger6c@theglobeandmail.com,Male,219.5.208.232
230,Eve,Hilary,ehilary6d@simplemachines.org,Female,38.74.133.8
231,Betteann,Scotts,bscotts6e@vistaprint.com,Female,165.27.94.32
232,Niels,Geldeford,ngeldeford6f@g.co,Male,152.210.120.203
233,Rhody,Kadd,rkadd6g@fda.gov,Female,153.143.37.158
234,Cristian,Gresswood,cgresswood6h@samsung.com,Male,151.177.55.197
235,Bartel,Zolini,bzolini6i@google.com.br,Non-binary,112.141.4.129
236,Michelina,Walkey,mwalkey6j@who.int,Female,209.155.36.65
237,Cory,Ubsdale,cubsdale6k@ow.ly,Male,15.252.74.100
238,Huberto,Aspel,haspel6l@huffingtonpost.com,Male,54.225.153.164
239,Suzi,Caris,scaris6m@free.fr,Female,120.73.153.201
240,Roxi,Haddrell,rhaddrell6n@ycombinator.com,Female,235.102.128.194
241,Gannon,Tarbox,gtarbox6o@ameblo.jp,Male,146.88.9.225
242,Mart,Flohard,mflohard6p@msu.edu,Male,119.160.37.200
243,Codi,Tucker,ctucker6q@hc360.com,Female,27.128.239.9
244,Major,Akester,makester6r@elpais.com,Male,32.229.141.135
245,Tansy,Byrne,tbyrne6s@quantcast.com,Female,95.142.85.36
246,Tandie,Martusov,tmartusov6t@microsoft.com,Female,37.252.46.166
247,Charlie,Boultwood,cboultwood6u@google.de,Male,169.25.199.132
248,Perice,Lehrmann,plehrmann6v@examiner.com,Agender,57.175.153.15
249,Michaeline,Maharg,mmaharg6w@chicagotribune.com,Female,157.128.117.133
250,Griffie,Cleobury,gcleobury6x@storify.com,Male,79.252.53.158
251,Mignonne,Pevreal,mpevreal6y@bloglines.com,Female,189.99.191.116
252,Kelci,Farrington,kfarrington6z@europa.eu,Female,241.213.24.20
253,Junie,Gomm,jgomm70@theglobeandmail.com,Female,21.245.241.137
254,Edi,Cullen,ecullen71@photobucket.com,Female,137.24.21.160
255,Aundrea,Capon,acapon72@mayoclinic.com,Female,102.232.3.52
256,Farlie,Folley,ffolley73@army.mil,Male,244.247.149.122
257,Fara,Hurcombe,fhurcombe74@mysql.com,Polygender,172.204.251.138
258,Leonore,Arstingall,larstingall75@nbcnews.com,Female,87.95.94.204
259,Gilberte,Matthewman,gmatthewman76@1688.com,Female,45.129.18.243
260,Chrissy,Thon,cthon77@europa.eu,Female,69.32.163.12
261,Emmaline,Klossmann,eklossmann78@irs.gov,Agender,110.210.143.230
262,Elisha,Skedge,eskedge79@walmart.com,Male,223.242.72.249
263,Ariel,Arnott,aarnott7a@github.com,Female,210.230.139.21
264,Reuven,Durbyn,rdurbyn7b@nasa.gov,Male,106.16.245.120
265,Brynne,Cutchey,bcutchey7c@example.com,Female,149.142.148.2
266,Cam,Jonah,cjonah7d@ibm.com,Male,200.169.79.129
267,Carey,Cescotti,ccescotti7e@gnu.org,Female,86.230.98.223
268,Bevin,Norquay,bnorquay7f@webnode.com,Male,179.127.56.146
269,Rikki,Hinchcliffe,rhinchcliffe7g@unesco.org,Male,15.199.118.147
270,Christoffer,Bentham,cbentham7h@feedburner.com,Male,231.51.38.31
271,May,Autie,mautie7i@istockphoto.com,Female,133.140.114.131
272,Blake,Pellatt,bpellatt7j@seesaa.net,Male,170.198.153.14
273,Phillipe,Hake,phake7k@cargocollective.com,Male,81.49.90.54
274,Dougy,Lipscombe,dlipscombe7l@icq.com,Male,193.219.108.53
275,Marshall,Dureden,mdureden7m@spiegel.de,Male,89.143.3.25
276,Tam,Pentony,tpentony7n@photobucket.com,Male,137.150.5.64
277,Christophorus,Aspinwall,caspinwall7o@cocolog-nifty.com,Male,25.5.18.109
278,Justis,Parmiter,jparmiter7p@seesaa.net,Genderfluid,76.160.177.77
279,Ingeberg,Guiet,iguiet7q@yolasite.com,Female,103.120.220.199
280,Dionne,Ghioni,dghioni7r@g.co,Female,228.201.108.147
281,Craggy,Neate,cneate7s@cnbc.com,Male,153.20.199.139
282,Winny,Maps,wmaps7t@washington.edu,Male,254.118.203.3
283,Basia,Aikett,baikett7u@telegraph.co.uk,Female,116.123.2.239
284,Abbey,Probert,aprobert7v@scribd.com,Male,174.12.147.197
285,Kellby,Wilkowski,kwilkowski7w@purevolume.com,Male,25.6.223.140
286,Emmerich,Gambie,egambie7x@adobe.com,Male,241.36.225.167
287,Artemas,Barthot,abarthot7y@oaic.gov.au,Male,214.225.128.117
288,Chris,McMechan,cmcmechan7z@reverbnation.com,Genderfluid,167.216.74.79
289,Nathalie,Keysall,nkeysall80@webmd.com,Female,135.185.130.216
290,Zitella,Richard,zrichard81@state.gov,Female,97.246.107.122
291,Dedie,Downing,ddowning82@a8.net,Female,19.159.219.155
292,Mortie,Stobbs,mstobbs83@bing.com,Male,29.104.207.163
293,Sinclare,Pochin,spochin84@list-manage.com,Male,53.27.237.90
294,Bernetta,Haresnaip,bharesnaip85@ask.com,Female,31.119.117.61
295,Wash,Twizell,wtwizell86@zdnet.com,Male,0.85.89.230
296,Allyn,Greenhalf,agreenhalf87@phpbb.com,Male,212.214.94.135
297,Kristos,Pethybridge,kpethybridge88@paypal.com,Male,120.7.249.111
298,Vivia,Conn,vconn89@utexas.edu,Female,241.57.182.247
299,Marcellus,Sisse,msisse8a@state.tx.us,Male,78.63.225.18
300,Gerrie,Doumerc,gdoumerc8b@wikia.com,Male,228.183.95.133
301,Kahlil,Kenewel,kkenewel8c@github.io,Male,174.9.203.14
302,Darrick,Monery,dmonery8d@ebay.co.uk,Male,16.37.129.4
303,Dominik,Treeby,dtreeby8e@amazon.de,Male,12.11.60.0
304,Arv,Ollington,aollington8f@telegraph.co.uk,Male,216.78.105.5
305,Reider,Vernazza,rvernazza8g@un.org,Male,172.158.108.167
306,Hanan,Mc Caughan,hmccaughan8h@tamu.edu,Male,151.105.9.199
307,Reinold,Steeples,rsteeples8i@forbes.com,Male,80.164.35.2
308,Rayner,Safell,rsafell8j@samsung.com,Male,185.38.138.51
309,Siouxie,Eller,seller8k@fda.gov,Genderfluid,228.83.3.242
310,Odelle,Loreit,oloreit8l@unc.edu,Female,146.252.35.116
311,Hildagarde,Hubbucks,hhubbucks8m@etsy.com,Female,47.134.182.33
312,Frank,Swigg,fswigg8n@seattletimes.com,Male,227.103.98.182
313,Noak,Pardew,npardew8o@ca.gov,Male,51.111.80.236
314,Clare,Mancer,cmancer8p@globo.com,Male,150.183.164.75
315,Xenos,Harrower,xharrower8q@zdnet.com,Male,227.212.13.86
316,Nyssa,Opdenorth,nopdenorth8r@cafepress.com,Female,4.217.235.245
317,Carly,Gravells,cgravells8s@jigsy.com,Male,211.69.32.237
318,Dar,Chippendale,dchippendale8t@soundcloud.com,Male,71.56.215.251
319,Eldredge,Dickon,edickon8u@cbsnews.com,Male,81.141.196.109
320,Samson,MacWhirter,smacwhirter8v@mozilla.org,Male,212.248.22.51
321,Westleigh,Macauley,wmacauley8w@ebay.co.uk,Male,25.175.212.197
322,Samson,Magson,smagson8x@ibm.com,Male,164.138.245.216
323,Addy,Lodford,alodford8y@linkedin.com,Male,237.103.51.141
324,Mair,Danielczyk,mdanielczyk8z@wsj.com,Female,61.247.225.174
325,Catlaina,Walklett,cwalklett90@ameblo.jp,Female,10.153.110.202
326,Alia,Brusle,abrusle91@telegraph.co.uk,Female,236.219.164.166
327,Bertie,Holdren,bholdren92@slate.com,Female,19.18.72.46
328,Gelya,Clementi,gclementi93@plala.or.jp,Female,183.218.234.16
329,Lynelle,Corkitt,lcorkitt94@gnu.org,Female,255.155.128.53
330,Anatollo,Hasluck,ahasluck95@google.es,Male,176.189.135.183
331,Brant,Wawer,bwawer96@twitter.com,Male,156.142.44.248
332,Ilene,Shallcroff,ishallcroff97@nih.gov,Female,237.9.201.16
333,Munmro,Cox,mcox98@fastcompany.com,Male,2.197.223.240
334,Robinson,Eatherton,reatherton99@seattletimes.com,Male,185.115.152.206
335,Carolin,Jakoub,cjakoub9a@wikispaces.com,Female,82.30.185.165
336,Skelly,Rofe,srofe9b@nature.com,Male,89.129.186.92
337,Phil,Boscher,pboscher9c@upenn.edu,Male,68.110.56.48
338,Melodee,Cornfoot,mcornfoot9d@over-blog.com,Polygender,83.176.152.99
339,Maribel,Chapling,mchapling9e@nih.gov,Female,201.182.177.199
340,Sidonia,Haggerston,shaggerston9f@yale.edu,Female,133.205.39.109
341,Sonnie,Summersett,ssummersett9g@illinois.edu,Male,64.253.123.172
342,Alasteir,Mayman,amayman9h@vinaora.com,Agender,83.219.199.25
343,Emmye,Georgeon,egeorgeon9i@exblog.jp,Female,202.116.146.123
344,Marietta,Claiden,mclaiden9j@techcrunch.com,Bigender,29.110.79.174
345,Page,Nealy,pnealy9k@cocolog-nifty.com,Female,30.19.214.250
346,Laurel,Vogel,lvogel9l@unesco.org,Female,237.51.197.240
347,Nettie,O'Sheerin,nosheerin9m@yahoo.com,Female,46.112.88.20
348,Sheffie,Easton,seaston9n@liveinternet.ru,Male,55.139.43.240
349,Pippy,Keelan,pkeelan9o@economist.com,Female,120.22.250.229
350,Candide,Cantu,ccantu9p@china.com.cn,Female,217.60.18.244
351,Rossie,Schirok,rschirok9q@shutterfly.com,Male,186.1.185.191
352,Elfrida,Wheelton,ewheelton9r@mysql.com,Female,202.62.127.164
353,Ardelis,Crennan,acrennan9s@economist.com,Female,77.40.50.105
354,Doreen,Sargeaunt,dsargeaunt9t@zimbio.com,Female,238.208.96.78
355,Siegfried,Estick,sestick9u@usa.gov,Male,12.143.46.214
356,Jasmine,Duigenan,jduigenan9v@statcounter.com,Female,195.237.90.159
357,Katharine,Dowgill,kdowgill9w@blinklist.com,Female,170.225.113.209
358,Raphael,Kerswill,rkerswill9x@friendfeed.com,Genderqueer,44.193.216.241
359,Aubrey,Clelland,aclelland9y@yellowpages.com,Female,17.174.216.82
360,Maggee,Grenkov,mgrenkov9z@npr.org,Female,170.182.66.43
361,Erhard,Bamfield,ebamfielda0@samsung.com,Genderqueer,34.1.49.116
362,Peta,Wilhelmy,pwilhelmya1@merriam-webster.com,Female,62.199.51.98
363,Jamill,Gudge,jgudgea2@uiuc.edu,Male,196.133.52.200
364,Far,Pirolini,fpirolinia3@xinhuanet.com,Bigender,96.47.60.100
365,Linc,Dunham,ldunhama4@hugedomains.com,Male,165.194.16.114
366,Egan,Durning,edurninga5@yahoo.com,Male,14.113.162.39
367,Birk,Oliveira,boliveiraa6@usatoday.com,Male,162.44.16.39
368,Pennie,Prati,ppratia7@reference.com,Female,102.226.26.240
369,Carley,Easman,ceasmana8@dion.ne.jp,Female,94.77.253.207
370,Chloette,de Quesne,cdequesnea9@myspace.com,Bigender,81.105.47.187
371,Eudora,Stoppard,estoppardaa@xing.com,Agender,11.67.199.188
372,Ashia,Mayer,amayerab@netvibes.com,Female,75.87.237.59
373,Paige,Cranney,pcranneyac@nytimes.com,Male,14.155.130.126
374,Patin,Attree,pattreead@apache.org,Male,70.226.179.22
375,Zechariah,Goggey,zgoggeyae@sun.com,Male,0.173.37.250
376,Mar,Boshard,mboshardaf@amazonaws.com,Male,224.178.88.249
377,Guido,Baumaier,gbaumaierag@so-net.ne.jp,Male,208.29.174.102
378,Kellen,Phillip,kphillipah@csmonitor.com,Male,191.66.124.218
379,Tod,Physick,tphysickai@csmonitor.com,Male,60.149.208.63
380,Fraze,Frotton,ffrottonaj@pinterest.com,Bigender,47.115.210.106
381,Hedda,Salsberg,hsalsbergak@umn.edu,Female,147.212.113.123
382,Petronella,Snooks,psnooksal@hhs.gov,Female,229.202.77.191
383,Clara,Reeders,creedersam@prnewswire.com,Female,243.244.112.234
384,Seka,Gilbride,sgilbridean@qq.com,Female,4.216.125.145
385,Sasha,Sturge,ssturgeao@ezinearticles.com,Genderqueer,118.106.39.243
386,Rollo,Colles,rcollesap@tripadvisor.com,Male,21.48.55.232
387,Jonah,Wentworth,jwentworthaq@comsenz.com,Male,66.180.245.20
388,Klarrisa,Valti,kvaltiar@lycos.com,Female,248.195.31.120
389,Tome,Eble,tebleas@instagram.com,Male,224.123.40.204
390,Lek,Idill,lidillat@acquirethisname.com,Male,98.108.39.77
391,Gustavus,Zorzenoni,gzorzenoniau@furl.net,Male,0.159.189.57
392,Dory,Eskrick,deskrickav@dell.com,Male,253.237.90.236
393,Roselin,Frodsam,rfrodsamaw@nbcnews.com,Female,122.62.193.201
394,Vanna,Simants,vsimantsax@friendfeed.com,Female,189.222.165.183
395,Ronalda,Joule,rjouleay@etsy.com,Female,232.98.89.186
396,Madge,Torre,mtorreaz@buzzfeed.com,Female,17.230.70.102
397,Rosmunda,Basterfield,rbasterfieldb0@cpanel.net,Female,109.119.23.23
398,Brooks,Galloway,bgallowayb1@cdc.gov,Male,155.205.119.210
399,Kelcie,Seys,kseysb2@yale.edu,Female,138.195.106.21
400,Derrik,Wathey,dwatheyb3@usatoday.com,Male,218.178.241.20
401,Shelly,Rutledge,srutledgeb4@squarespace.com,Female,107.189.75.182
402,Augusto,Tomczynski,atomczynskib5@comcast.net,Male,246.149.24.182
403,Margot,Hay,mhayb6@bloomberg.com,Female,194.50.46.1
404,Marrissa,Shulem,mshulemb7@dedecms.com,Female,30.79.68.191
405,April,Happer,ahapperb8@plala.or.jp,Bigender,28.115.252.221
406,Kimmie,Spolton,kspoltonb9@google.nl,Female,50.240.152.210
407,Bethena,Chaters,bchatersba@cpanel.net,Female,81.20.54.199
408,Twyla,Rickards,trickardsbb@dyndns.org,Genderqueer,67.196.12.184
409,Brit,Bocock,bbocockbc@myspace.com,Male,251.198.108.190
410,Kain,Bratcher,kbratcherbd@illinois.edu,Male,194.2.135.249
411,Consuela,Gedge,cgedgebe@canalblog.com,Female,25.187.140.59
412,Madelin,Exposito,mexpositobf@ifeng.com,Female,146.212.18.76
413,Rosco,Grishaev,rgrishaevbg@patch.com,Male,96.94.177.252
414,Wadsworth,Caistor,wcaistorbh@paginegialle.it,Male,84.244.31.255
415,Dannye,Corbett,dcorbettbi@twitpic.com,Female,90.144.211.243
416,Vin,Laird,vlairdbj@twitpic.com,Female,61.191.156.202
417,Eberhard,Slobom,eslobombk@digg.com,Male,12.111.42.70
418,Armando,Braban,abrabanbl@issuu.com,Male,213.87.172.174
419,Kathie,Acome,kacomebm@globo.com,Female,75.208.65.34
420,Grissel,Peetermann,gpeetermannbn@google.co.uk,Female,241.75.118.42
421,Felice,Walcar,fwalcarbo@flavors.me,Male,43.160.239.30
422,Isador,Topaz,itopazbp@cbsnews.com,Male,92.63.232.56
423,Blakelee,Imison,bimisonbq@cloudflare.com,Genderfluid,210.129.115.46
424,Alejoa,Woodland,awoodlandbr@booking.com,Male,84.209.206.180
425,Kendra,Mabbutt,kmabbuttbs@intel.com,Female,3.224.255.75
426,Angelika,Pilipyak,apilipyakbt@ameblo.jp,Female,8.146.22.107
427,Clovis,Oleksiak,coleksiakbu@tinypic.com,Female,202.24.145.9
428,Nicolais,Lush,nlushbv@sbwire.com,Male,247.240.204.16
429,Jodee,Rickson,jricksonbw@whitehouse.gov,Female,58.136.123.179
430,Elva,Gegg,egeggbx@google.com.au,Bigender,18.180.72.26
431,Devi,Cunio,dcunioby@people.com.cn,Female,95.50.57.0
432,Karrie,McAleese,kmcaleesebz@nbcnews.com,Female,255.102.129.16
433,Siffre,Grzegorczyk,sgrzegorczykc0@etsy.com,Male,19.199.243.51
434,Emalia,Lipscombe,elipscombec1@amazon.co.uk,Female,4.100.6.87
435,Ody,Hertwell,ohertwellc2@wikipedia.org,Polygender,243.47.196.57
436,Maurice,Shevell,mshevellc3@buzzfeed.com,Male,232.96.222.161
437,Sylas,Arthan,sarthanc4@salon.com,Male,164.173.66.192
438,Joscelin,Merrington,jmerringtonc5@soup.io,Female,201.103.150.188
439,Cristiano,Headech,cheadechc6@over-blog.com,Male,195.44.172.137
440,Gardiner,Lacey,glaceyc7@cloudflare.com,Male,17.153.41.42
441,Clare,Libbey,clibbeyc8@ft.com,Female,238.50.166.46
442,Margalit,Treven,mtrevenc9@blinklist.com,Genderfluid,17.59.26.47
443,Eudora,Simionescu,esimionescuca@dion.ne.jp,Agender,0.116.217.31
444,Muriel,Jacobovitch,mjacobovitchcb@msu.edu,Female,114.72.105.139
445,Rolland,Jaine,rjainecc@unc.edu,Male,21.136.228.125
446,Giulio,Pietrowicz,gpietrowiczcd@walmart.com,Male,160.112.207.183
447,Briant,Westney,bwestneyce@cpanel.net,Male,176.114.107.222
448,Fairfax,Revening,freveningcf@cornell.edu,Male,72.9.238.142
449,Milty,Kobpa,mkobpacg@opera.com,Male,14.94.188.151
450,Clo,Itzcovich,citzcovichch@people.com.cn,Female,90.223.248.113
451,Cornall,Dibson,cdibsonci@dell.com,Male,202.233.188.113
452,Eran,Schukert,eschukertcj@psu.edu,Female,51.26.83.194
453,Frederic,Attridge,fattridgeck@noaa.gov,Male,135.161.29.249
454,Clemence,Culshew,cculshewcl@samsung.com,Female,99.29.138.51
455,Vance,Robun,vrobuncm@typepad.com,Male,178.224.149.43
456,Ara,Worsfield,aworsfieldcn@slashdot.org,Female,150.226.159.29
457,Jodie,Mainland,jmainlandco@hc360.com,Female,231.143.196.76
458,Lenette,Nicklen,lnicklencp@ucla.edu,Female,97.181.103.101
459,Yanaton,Rijkeseis,yrijkeseiscq@cbslocal.com,Male,159.97.120.49
460,Thorin,Pearn,tpearncr@house.gov,Male,154.161.47.186
461,Farrah,Anfossi,fanfossics@redcross.org,Female,206.122.242.141
462,Percy,Funnell,pfunnellct@marriott.com,Male,32.250.234.8
463,Joshua,Cluckie,jcluckiecu@nymag.com,Male,53.39.9.205
464,Arnaldo,Dreus,adreuscv@arstechnica.com,Male,140.123.225.75
465,Goldi,Rockcliff,grockcliffcw@fema.gov,Genderfluid,67.157.198.210
466,Alonso,Chugg,achuggcx@chicagotribune.com,Male,255.57.146.210
467,Frasquito,Dymock,fdymockcy@theatlantic.com,Male,155.42.121.7
468,Patsy,Dovey,pdoveycz@hao123.com,Male,251.207.25.220
469,Anatollo,Kelwaybamber,akelwaybamberd0@nsw.gov.au,Genderfluid,87.157.149.229
470,Norbert,Paffitt,npaffittd1@hp.com,Male,67.223.140.190
471,Krispin,Caverhill,kcaverhilld2@unc.edu,Male,218.168.244.4
472,Gannie,Raulston,graulstond3@paginegialle.it,Male,57.202.1.140
473,Camille,Janaud,cjanaudd4@themeforest.net,Female,198.69.114.144
474,Matilde,Wheble,mwhebled5@twitpic.com,Female,119.248.14.157
475,Abigael,Yashunin,ayashunind6@thetimes.co.uk,Female,240.182.230.78
476,Cyrus,Roy,croyd7@angelfire.com,Male,112.238.141.89
477,Rozelle,Thundercliffe,rthundercliffed8@dropbox.com,Female,19.236.172.14
478,Ellery,Dunsmore,edunsmored9@bizjournals.com,Male,84.120.222.92
479,Laureen,Chesshyre,lchesshyreda@walmart.com,Female,142.73.173.225
480,Evvie,Caldairou,ecaldairoudb@icq.com,Female,37.140.38.199
481,Wakefield,Crapper,wcrapperdc@oracle.com,Non-binary,54.165.117.208
482,Germain,Becaris,gbecarisdd@mysql.com,Male,196.120.188.199
483,Sherline,Pelzer,spelzerde@imdb.com,Female,39.245.219.160
484,Muriel,Tylor,mtylordf@telegraph.co.uk,Female,220.186.141.204
485,Franni,Mulloch,fmullochdg@etsy.com,Female,208.30.240.71
486,Lisha,Michelet,lmicheletdh@github.com,Female,11.23.185.56
487,Corie,Grishin,cgrishindi@spiegel.de,Female,127.171.46.188
488,Marsh,Luebbert,mluebbertdj@e-recht24.de,Bigender,90.103.214.188
489,Marlin,Pollen,mpollendk@ask.com,Male,213.66.87.208
490,Jarid,Clixby,jclixbydl@psu.edu,Male,254.183.144.0
491,Kippy,Hallford,khallforddm@abc.net.au,Male,235.206.115.209
492,Tonya,Wiszniewski,twiszniewskidn@newyorker.com,Female,243.207.169.246
493,Daloris,Girsch,dgirschdo@blogspot.com,Female,167.216.177.235
494,Inessa,Denson,idensondp@comcast.net,Female,175.219.207.169
495,Trude,Botley,tbotleydq@macromedia.com,Agender,102.152.200.186
496,Wood,Scanderet,wscanderetdr@tamu.edu,Male,94.67.34.91
497,Herman,Tofpik,htofpikds@deliciousdays.com,Male,43.237.52.128
498,Shirley,Bairnsfather,sbairnsfatherdt@vkontakte.ru,Female,193.153.237.206
499,Leland,Bleakley,lbleakleydu@amazon.de,Male,181.1.121.155
500,Danya,Colthard,dcoltharddv@nih.gov,Female,96.87.196.34
501,Marie,Key,mkeydw@theglobeandmail.com,Female,115.51.93.1
502,Ambrose,Baudains,abaudainsdx@house.gov,Male,9.115.245.74
503,Dagny,Loblie,dlobliedy@fc2.com,Polygender,151.206.187.182
504,Ardeen,Deetch,adeetchdz@youtu.be,Female,161.184.105.36
505,Abelard,Maxfield,amaxfielde0@businessinsider.com,Male,96.124.77.108
506,Ingrid,Scinelli,iscinellie1@google.co.uk,Female,19.99.14.182
507,Doralia,Lies,dliese2@cdbaby.com,Agender,251.4.79.113
508,Veradis,Klimowicz,vklimowicze3@1688.com,Female,58.83.216.168
509,Mollee,Beeke,mbeekee4@friendfeed.com,Female,191.159.250.67
510,Barris,Pinson,bpinsone5@msu.edu,Male,80.39.28.32
511,Tallulah,Everly,teverlye6@craigslist.org,Female,26.186.8.176
512,Sibelle,Hoodspeth,shoodspethe7@surveymonkey.com,Female,22.151.241.209
513,Marcel,Christofol,mchristofole8@sohu.com,Male,85.118.212.24
514,Esme,Hadgraft,ehadgrafte9@ucla.edu,Female,73.132.54.196
515,Burtie,Hardison,bhardisonea@biglobe.ne.jp,Male,164.115.169.129
516,Rodolfo,Bolle,rbolleeb@bloglines.com,Male,78.52.241.27
517,Gianina,Danilyak,gdanilyakec@virginia.edu,Female,242.4.179.51
518,Orel,Mixon,omixoned@buzzfeed.com,Female,186.91.123.60
519,Rowe,Doveston,rdovestonee@google.co.jp,Female,248.168.246.180
520,Yoko,Laxon,ylaxonef@accuweather.com,Female,46.111.214.212
521,Ashley,Ricciardi,aricciardieg@mail.ru,Female,197.173.232.98
522,Ben,Filov,bfiloveh@springer.com,Male,196.34.219.40
523,Mattie,Medcalf,mmedcalfei@storify.com,Female,135.111.195.58
524,Elsa,Chomicki,echomickiej@oakley.com,Female,69.224.143.7
525,Morgen,Littler,mlittlerek@stanford.edu,Male,228.175.32.172
526,Vicki,Seyfart,vseyfartel@wordpress.org,Female,221.81.200.35
527,Standford,Geck,sgeckem@360.cn,Male,92.200.44.119
528,Gare,Di Frisco,gdifriscoen@va.gov,Male,124.67.243.151
529,Henrieta,Liddington,hliddingtoneo@qq.com,Genderqueer,232.170.102.96
530,Felicity,Keslake,fkeslakeep@pcworld.com,Female,132.52.11.146
531,Kirbie,Barke,kbarkeeq@usa.gov,Female,88.69.86.182
532,Brana,Budgeon,bbudgeoner@hubpages.com,Female,238.173.249.39
533,Tore,Alben,talbenes@wikipedia.org,Male,25.122.172.179
534,Daisi,Nuzzetti,dnuzzettiet@kickstarter.com,Female,230.109.109.194
535,Kelvin,Beedham,kbeedhameu@xinhuanet.com,Male,117.105.146.194
536,Nikolaus,Perton,npertonev@sogou.com,Male,192.76.106.35
537,Ashla,MacTerrelly,amacterrellyew@joomla.org,Female,179.18.134.185
538,Gusta,Genn,ggennex@xing.com,Polygender,154.153.85.101
539,Tabbie,Storek,tstorekey@ustream.tv,Male,152.156.125.232
540,Kimberlyn,Bickerstasse,kbickerstasseez@vinaora.com,Female,181.81.66.184
541,Morissa,Trewartha,mtrewarthaf0@nymag.com,Female,134.35.8.146
542,Gael,Blasli,gblaslif1@blog.com,Male,116.87.67.135
543,Raff,Hards,rhardsf2@e-recht24.de,Male,204.209.213.182
544,Aubert,Wellstood,awellstoodf3@wiley.com,Male,89.93.215.153
545,Pier,Giovanazzi,pgiovanazzif4@nature.com,Female,214.155.211.40
546,Gideon,Kacheler,gkachelerf5@pen.io,Male,129.246.178.68
547,Francyne,Lockier,flockierf6@nydailynews.com,Female,226.115.185.83
548,Pollyanna,Eve,pevef7@ycombinator.com,Female,133.240.212.124
549,Alys,Shrimptone,ashrimptonef8@blogger.com,Female,50.55.236.121
550,Antonella,Abramowsky,aabramowskyf9@studiopress.com,Female,24.11.170.224
551,Britteny,Profit,bprofitfa@youtu.be,Female,248.213.181.45
552,Frederico,Dicken,fdickenfb@cisco.com,Male,69.14.90.160
553,Bertie,McKea,bmckeafc@delicious.com,Female,198.242.202.148
554,Kordula,Bereford,kberefordfd@shop-pro.jp,Female,140.14.92.149
555,Ardine,Bellham,abellhamfe@statcounter.com,Female,78.80.192.187
556,Kaiser,Vercruysse,kvercruysseff@admin.ch,Male,122.37.212.89
557,Eula,Crigin,ecriginfg@yellowbook.com,Female,147.170.89.128
558,Staci,Rhyme,srhymefh@nyu.edu,Polygender,198.182.126.163
559,Chantal,Grimmolby,cgrimmolbyfi@reverbnation.com,Female,231.6.113.34
560,Cindee,Petrussi,cpetrussifj@zdnet.com,Female,138.95.29.186
561,Aili,Burthom,aburthomfk@constantcontact.com,Female,123.53.229.107
562,Ursala,Cready,ucreadyfl@npr.org,Female,100.146.60.42
563,Keary,Peartree,kpeartreefm@sourceforge.net,Agender,109.243.107.107
564,Odo,Kirimaa,okirimaafn@china.com.cn,Male,15.149.173.210
565,Katharina,Stronach,kstronachfo@boston.com,Genderqueer,88.62.21.69
566,Lief,Chrichton,lchrichtonfp@redcross.org,Male,129.181.57.27
567,Julietta,Meere,jmeerefq@wikia.com,Female,157.246.45.20
568,Slade,Marsh,smarshfr@msu.edu,Male,46.157.18.110
569,Athene,Merveille,amerveillefs@fotki.com,Female,86.175.4.111
570,Loutitia,Aliberti,lalibertift@columbia.edu,Female,163.228.57.22
571,Vinnie,Whyard,vwhyardfu@dedecms.com,Male,192.85.17.110
572,Olly,Doddemeade,ododdemeadefv@taobao.com,Male,67.63.226.89
573,Erin,Hebburn,ehebburnfw@ca.gov,Male,132.204.109.66
574,Una,Gerrens,ugerrensfx@google.com.br,Genderfluid,26.58.20.66
575,Panchito,Mazzilli,pmazzillify@domainmarket.com,Male,204.14.29.233
576,Bonny,Daout,bdaoutfz@theguardian.com,Female,20.95.14.181
577,Ulrika,Kwietak,ukwietakg0@marriott.com,Female,35.249.95.79
578,Cherrita,Durtnal,cdurtnalg1@sina.com.cn,Female,182.199.195.56
579,Flemming,Worters,fwortersg2@cdc.gov,Male,109.171.234.192
580,Brittni,Dargie,bdargieg3@wsj.com,Female,89.99.161.236
581,Morris,De Vries,mdevriesg4@mediafire.com,Male,251.224.187.148
582,Dolley,Tales,dtalesg5@e-recht24.de,Female,106.110.53.115
583,Theo,Bowling,tbowlingg6@biglobe.ne.jp,Male,85.236.37.223
584,Haskel,Korting,hkortingg7@yolasite.com,Male,18.23.173.155
585,Camala,Smallacombe,csmallacombeg8@ed.gov,Female,99.46.78.35
586,Fanni,Killshaw,fkillshawg9@imgur.com,Polygender,167.176.188.163
587,Caryl,Molyneaux,cmolyneauxga@imdb.com,Male,77.183.113.28
588,Jeth,Aiskovitch,jaiskovitchgb@latimes.com,Male,195.237.185.238
589,Frans,Le Jean,flejeangc@yelp.com,Male,88.140.87.62
590,Padriac,Andriuzzi,pandriuzzigd@unicef.org,Non-binary,46.125.106.187
591,Richardo,Chaves,rchavesge@i2i.jp,Male,96.221.129.7
592,Itch,Swateridge,iswateridgegf@godaddy.com,Male,54.123.195.129
593,Othelia,Tibbotts,otibbottsgg@telegraph.co.uk,Female,236.34.16.68
594,Kai,Barltrop,kbarltropgh@delicious.com,Female,126.165.160.200
595,Noah,Wands,nwandsgi@behance.net,Male,60.75.119.190
596,Torrin,Courtese,tcourtesegj@bandcamp.com,Male,133.31.154.78
597,Bethany,Ackers,backersgk@tiny.cc,Female,139.121.136.177
598,Katusha,Arsmith,karsmithgl@elegantthemes.com,Female,34.89.117.120
599,Merrilee,Ovendon,movendongm@mac.com,Female,186.5.178.15
600,Vance,Hatwell,vhatwellgn@shop-pro.jp,Male,150.222.47.2
601,Elora,Beekman,ebeekmango@youku.com,Female,82.98.103.145
602,Drona,Deaton,ddeatongp@arstechnica.com,Bigender,167.255.172.224
603,Cornie,Novello,cnovellogq@smh.com.au,Male,102.136.75.60
604,Starlin,Handscomb,shandscombgr@google.com.au,Female,9.3.86.97
605,Nappy,McNirlan,nmcnirlangs@ox.ac.uk,Male,71.128.74.177
606,Wanda,Muckley,wmuckleygt@businesswire.com,Female,187.33.253.21
607,Ted,Clever,tclevergu@kickstarter.com,Female,51.39.176.50
608,Harrietta,Cohen,hcohengv@artisteer.com,Female,245.212.127.134
609,Jennifer,Dominik,jdominikgw@cisco.com,Female,8.150.141.199
610,Mab,Quemby,mquembygx@yahoo.com,Genderfluid,216.120.57.174
611,Farrell,Fores,fforesgy@howstuffworks.com,Male,146.112.113.125
612,Melina,Beidebeke,mbeidebekegz@utexas.edu,Female,51.52.232.163
613,Vivia,Ravelus,vravelush0@cnn.com,Female,50.212.176.218
614,Hedvige,Skillern,hskillernh1@wikimedia.org,Polygender,4.181.156.144
615,Jessika,Germon,jgermonh2@apple.com,Female,99.181.33.32
616,Cesar,Cowins,ccowinsh3@dell.com,Male,95.222.8.23
617,Melicent,Grasser,mgrasserh4@google.co.uk,Non-binary,71.191.40.254
618,Tye,Moors,tmoorsh5@mediafire.com,Male,169.35.163.23
619,Leif,Caverhill,lcaverhillh6@vistaprint.com,Male,108.44.119.48
620,Joelynn,Whyte,jwhyteh7@google.nl,Female,9.191.33.176
621,Darcey,Simkovich,dsimkovichh8@sitemeter.com,Female,185.149.106.66
622,Gay,Naisbet,gnaisbeth9@smugmug.com,Male,112.160.166.1
623,Roxie,Blunn,rblunnha@dmoz.org,Female,193.102.16.12
624,Abby,Nairne,anairnehb@harvard.edu,Male,126.152.112.192
625,Karissa,Dimitresco,kdimitrescohc@yahoo.co.jp,Genderqueer,51.162.122.173
626,Niki,Shimmings,nshimmingshd@cmu.edu,Female,218.212.104.45
627,Gertrude,Fortie,gfortiehe@shutterfly.com,Female,198.175.92.76
628,Godiva,Tremaine,gtremainehf@bravesites.com,Female,39.58.109.247
629,Grove,Ick,gickhg@wix.com,Male,185.137.41.171
630,Elias,Bullivent,ebulliventhh@webs.com,Agender,140.223.192.207
631,Petronia,Hatherleigh,phatherleighhi@weather.com,Genderfluid,222.34.238.114
632,Gael,Lening,gleninghj@gmpg.org,Female,191.84.48.182
633,Hanson,Sharples,hsharpleshk@weather.com,Male,88.186.210.246
634,Merlina,Ruberry,mruberryhl@upenn.edu,Polygender,219.156.65.217
635,Ezri,Harness,eharnesshm@who.int,Male,150.43.36.236
636,Florian,Lartice,flarticehn@wordpress.org,Male,204.180.73.231
637,Ram,Bamb,rbambho@dailymail.co.uk,Male,210.94.180.140
638,Brnaby,Symper,bsymperhp@apache.org,Male,238.27.92.124
639,Lisa,Mulliner,lmullinerhq@ucsd.edu,Female,157.133.71.49
640,Kaitlynn,Bissett,kbissetthr@webnode.com,Female,245.7.57.223
641,Gordy,Kield,gkieldhs@wsj.com,Male,231.188.19.31
642,Ozzie,Upson,oupsonht@odnoklassniki.ru,Male,160.85.249.175
643,Devon,Teasell,dteasellhu@businessweek.com,Agender,147.231.26.144
644,Lida,Habergham,lhaberghamhv@tamu.edu,Female,10.153.196.76
645,Suzanna,Atterbury,satterburyhw@wufoo.com,Genderfluid,232.235.38.176
646,Claudette,Pillans,cpillanshx@rakuten.co.jp,Female,207.252.105.207
647,Marice,Mountney,mmountneyhy@purevolume.com,Female,94.108.178.202
648,Pollyanna,Shepland,psheplandhz@independent.co.uk,Female,50.163.6.151
649,Evaleen,Really,ereallyi0@webeden.co.uk,Agender,252.11.111.76
650,Carson,Birdall,cbirdalli1@virginia.edu,Male,11.149.7.31
651,Jecho,Pauncefort,jpaunceforti2@behance.net,Male,190.193.13.247
652,Rolland,Notti,rnottii3@sakura.ne.jp,Male,84.219.115.80
653,Winna,Di Iorio,wdiiorioi4@time.com,Female,172.205.139.110
654,Stillmann,Bowdidge,sbowdidgei5@fda.gov,Male,108.78.37.79
655,Elton,Wikey,ewikeyi6@desdev.cn,Male,124.138.219.180
656,Johnath,Syddall,jsyddalli7@quantcast.com,Female,178.108.123.105
657,Enos,Cridge,ecridgei8@blogspot.com,Male,205.179.240.148
658,Rachelle,Meaney,rmeaneyi9@youtu.be,Female,91.142.215.222
659,Tomasina,Noble,tnobleia@tuttocitta.it,Female,165.140.240.50
660,Skylar,Paprotny,spaprotnyib@tiny.cc,Male,173.203.20.163
661,Em,Letteresse,eletteresseic@acquirethisname.com,Female,136.235.54.214
662,Bryan,Spinige,bspinigeid@geocities.com,Male,87.128.197.192
663,Cristy,Butchart,cbutchartie@de.vu,Female,94.144.35.225
664,Michele,Troy,mtroyif@sohu.com,Male,141.79.95.225
665,Robinette,Gubbins,rgubbinsig@alexa.com,Female,82.152.105.120
666,Lynnea,Priestley,lpriestleyih@wordpress.org,Bigender,81.144.43.196
667,Frederik,Mockford,fmockfordii@addtoany.com,Male,36.100.149.32
668,Randy,Donat,rdonatij@nih.gov,Male,96.47.62.35
669,Adams,Cellier,acellierik@miitbeian.gov.cn,Male,177.148.133.93
670,Rolph,Pinckstone,rpinckstoneil@businesswire.com,Male,70.189.188.96
671,Margarethe,Vitall,mvitallim@freewebs.com,Female,193.123.52.244
672,Luis,Thebes,lthebesin@smugmug.com,Male,44.244.231.31
673,Rozelle,Rois,rroisio@engadget.com,Female,21.51.50.167
674,Dinny,Veall,dveallip@youku.com,Female,206.131.103.230
675,Karl,Axton,kaxtoniq@goo.gl,Male,0.241.119.81
676,Bendix,Langer,blangerir@ifeng.com,Male,106.43.240.28
677,Meris,Mulvy,mmulvyis@alibaba.com,Genderfluid,146.117.158.250
678,Reinold,Seckom,rseckomit@latimes.com,Genderqueer,66.185.205.30
679,Godfry,Mardell,gmardelliu@cbslocal.com,Male,229.60.37.132
680,Shelley,Deards,sdeardsiv@bloglines.com,Female,158.129.227.20
681,Harlie,Gidley,hgidleyiw@about.me,Female,130.224.192.81
682,Louisa,Fernandes,lfernandesix@sciencedaily.com,Bigender,9.219.205.252
683,Arabelle,Cripin,acripiniy@free.fr,Female,168.133.47.201
684,Ellerey,Klampk,eklampkiz@usgs.gov,Male,203.180.83.145
685,Bradly,Kubal,bkubalj0@psu.edu,Genderfluid,23.152.18.35
686,Wayland,Mar,wmarj1@bloglines.com,Non-binary,3.170.33.231
687,Tiffi,Skydall,tskydallj2@noaa.gov,Female,182.71.122.219
688,Dee dee,McCole,dmccolej3@over-blog.com,Female,39.131.147.168
689,Jarib,Caldow,jcaldowj4@lulu.com,Non-binary,254.255.50.61
690,Kaitlin,Leng,klengj5@weibo.com,Bigender,60.196.221.178
691,Terri,Tolworthy,ttolworthyj6@istockphoto.com,Male,255.87.184.217
692,Valene,Crampin,vcrampinj7@sakura.ne.jp,Female,180.233.75.100
693,Ag,Grennan,agrennanj8@accuweather.com,Female,201.1.10.235
694,Hailee,Keemar,hkeemarj9@twitter.com,Female,75.24.175.98
695,Fran,Pevreal,fpevrealja@tumblr.com,Male,130.221.4.165
696,Waylon,Iglesia,wiglesiajb@cbsnews.com,Male,253.86.146.189
697,Parry,Le Prevost,pleprevostjc@furl.net,Male,83.173.223.133
698,Sterne,McGillicuddy,smcgillicuddyjd@odnoklassniki.ru,Male,245.57.234.198
699,Bernarr,Richmond,brichmondje@nsw.gov.au,Non-binary,214.176.190.217
700,Conrad,McIndrew,cmcindrewjf@comcast.net,Male,26.172.60.144
701,Brianna,Mantripp,bmantrippjg@imageshack.us,Female,94.31.74.90
702,Udell,Graysmark,ugraysmarkjh@thetimes.co.uk,Male,120.48.222.220
703,Fiann,Lackney,flackneyji@timesonline.co.uk,Female,138.67.240.248
704,Devin,Eisold,deisoldjj@cdbaby.com,Female,130.111.251.169
705,Deeann,Bird,dbirdjk@bloglovin.com,Female,153.118.163.191
706,Piggy,Goligly,pgoliglyjl@wordpress.org,Polygender,127.0.2.209
707,Griffin,Mannooch,gmannoochjm@seattletimes.com,Male,235.253.240.20
708,Laney,Spilsted,lspilstedjn@paginegialle.it,Male,172.31.106.136
709,Rozamond,Beswetherick,rbeswetherickjo@paginegialle.it,Female,216.154.68.31
710,Gherardo,Pellett,gpellettjp@networksolutions.com,Male,231.205.115.124
711,Olag,Ivashkin,oivashkinjq@blogger.com,Male,61.210.182.48
712,Fairlie,Janda,fjandajr@answers.com,Male,228.184.28.154
713,Nessy,Oneal,nonealjs@bandcamp.com,Bigender,170.144.94.251
714,Priscilla,Yell,pyelljt@soup.io,Female,86.135.51.210
715,Lannie,Pearcehouse,lpearcehouseju@wikipedia.org,Male,132.247.230.10
716,Bail,Hould,bhouldjv@netlog.com,Male,143.50.137.176
717,Dasi,Hordle,dhordlejw@webeden.co.uk,Female,63.228.130.127
718,Aurilia,Bance,abancejx@csmonitor.com,Female,27.31.28.193
719,Etienne,Daynter,edaynterjy@creativecommons.org,Male,166.160.137.4
720,Nydia,Klimkiewich,nklimkiewichjz@blog.com,Female,57.36.152.179
721,Coreen,Robert,crobertk0@illinois.edu,Female,153.105.88.239
722,Rhodie,Trinke,rtrinkek1@walmart.com,Female,212.129.101.62
723,Ted,Mulkerrins,tmulkerrinsk2@tinypic.com,Male,65.238.186.36
724,Ronni,Middiff,rmiddiffk3@scribd.com,Female,23.170.141.12
725,Gustav,Wisker,gwiskerk4@over-blog.com,Male,68.126.228.230
726,Evie,Whisker,ewhiskerk5@globo.com,Female,81.140.150.75
727,Robenia,Minghetti,rminghettik6@ibm.com,Female,87.76.180.5
728,Edan,Yerill,eyerillk7@jiathis.com,Male,156.83.61.30
729,Krysta,Shuter,kshuterk8@shareasale.com,Female,140.203.9.186
730,Ulrica,Sweatman,usweatmank9@epa.gov,Female,183.49.255.8
731,Ddene,Seiter,dseiterka@fotki.com,Female,229.219.173.162
732,Vivianna,Bradder,vbradderkb@nbcnews.com,Female,92.68.223.7
733,Morley,Barkes,mbarkeskc@bluehost.com,Male,100.212.0.245
734,Howey,Murrie,hmurriekd@jigsy.com,Male,196.254.239.61
735,Timothee,Lemar,tlemarke@cnet.com,Male,4.212.252.183
736,Tades,Mccaull,tmccaullkf@howstuffworks.com,Male,135.60.8.206
737,Margo,Mallabund,mmallabundkg@shop-pro.jp,Female,163.94.76.27
738,Valli,Deaconson,vdeaconsonkh@domainmarket.com,Female,56.63.21.243
739,Skylar,Burnham,sburnhamki@archive.org,Male,30.99.141.206
740,Elliot,Neilly,eneillykj@amazonaws.com,Male,185.170.106.169
741,Dacie,Dyer,ddyerkk@jalbum.net,Female,213.94.201.36
742,Ring,Shawcroft,rshawcroftkl@bbb.org,Male,167.170.2.79
743,Brannon,Janous,bjanouskm@mtv.com,Male,77.81.250.161
744,Bil,Jobern,bjobernkn@pcworld.com,Male,176.167.20.28
745,Dani,Shane,dshaneko@bbb.org,Female,152.116.179.205
746,Gladi,Hannigan,ghannigankp@paypal.com,Non-binary,226.155.105.34
747,Essa,Osborne,eosbornekq@wikia.com,Female,176.48.108.184
748,Ken,Schelle,kschellekr@latimes.com,Male,125.226.226.95
749,Delbert,Riolfi,driolfiks@cmu.edu,Male,45.145.62.66
750,Osmond,Gilcrist,ogilcristkt@nih.gov,Polygender,26.103.42.125
751,Itch,Tremayne,itremayneku@sitemeter.com,Male,48.9.235.186
752,Kylynn,Lowrey,klowreykv@4shared.com,Female,143.117.131.3
753,Dorothee,Renzo,drenzokw@psu.edu,Female,9.243.45.82
754,Mariska,Symington,msymingtonkx@archive.org,Female,59.121.222.195
755,Eustace,Hucknall,ehucknallky@google.ru,Male,172.21.159.122
756,Dotti,Duffill,dduffillkz@amazon.co.jp,Agender,178.33.152.5
757,Rebeca,Dundon,rdundonl0@illinois.edu,Female,19.248.158.7
758,Mellicent,Goldsberry,mgoldsberryl1@unc.edu,Female,31.3.246.226
759,Catherina,Espinoy,cespinoyl2@sina.com.cn,Female,28.62.61.159
760,Delainey,Stood,dstoodl3@cdbaby.com,Male,24.241.105.126
761,Juditha,De Fries,jdefriesl4@nsw.gov.au,Female,21.69.63.221
762,Shela,Dracksford,sdracksfordl5@a8.net,Female,216.244.85.29
763,Carlie,Sperring,csperringl6@usa.gov,Male,55.42.197.134
764,Renee,Bockmaster,rbockmasterl7@time.com,Female,101.72.78.47
765,Archy,Roof,aroofl8@chronoengine.com,Male,187.153.38.45
766,Marcello,Moynihan,mmoynihanl9@shinystat.com,Male,118.89.62.21
767,Ethelred,Gotcliffe,egotcliffela@multiply.com,Male,44.43.75.245
768,Dionis,Phare,dpharelb@nifty.com,Female,168.180.239.106
769,Bertrand,Jaqueminet,bjaqueminetlc@bizjournals.com,Male,123.96.129.201
770,Gayel,Dudderidge,gdudderidgeld@reuters.com,Bigender,244.41.215.179
771,Merrielle,Acome,macomele@nih.gov,Female,89.205.202.128
772,Riva,Yetman,ryetmanlf@washingtonpost.com,Female,178.35.56.39
773,Anthiathia,Rissom,arissomlg@alexa.com,Female,48.42.201.74
774,Benjamin,Drynan,bdrynanlh@discuz.net,Male,2.149.81.183
775,Alric,Popham,apophamli@home.pl,Male,144.58.179.7
776,Corissa,Kiddie,ckiddielj@go.com,Female,62.107.141.47
777,Brenden,Bishop,bbishoplk@accuweather.com,Male,155.43.53.216
778,Otto,Batson,obatsonll@omniture.com,Male,213.63.221.227
779,Hartley,Tunnicliff,htunniclifflm@mac.com,Male,249.220.19.184
780,Katrinka,Lackney,klackneyln@weather.com,Female,8.231.196.85
781,Myriam,Okenfold,mokenfoldlo@prnewswire.com,Female,187.52.186.208
782,Christel,Lerigo,clerigolp@barnesandnoble.com,Genderqueer,112.19.172.138
783,Ase,Antonio,aantoniolq@yale.edu,Male,30.175.20.179
784,Hugues,Westwater,hwestwaterlr@over-blog.com,Male,241.138.184.50
785,Luciano,Cocks,lcocksls@mediafire.com,Male,135.203.140.232
786,Jon,Richardes,jrichardeslt@va.gov,Male,197.215.54.184
787,Sophey,Sewell,ssewelllu@macromedia.com,Female,160.34.32.10
788,Perceval,Rivalant,privalantlv@tuttocitta.it,Male,5.170.121.208
789,Eduino,Defew,edefewlw@google.com.au,Male,168.30.203.146
790,Deeann,Frazier,dfrazierlx@virginia.edu,Female,29.239.93.181
791,Geoffrey,Grewes,ggrewesly@businessinsider.com,Male,171.15.212.87
792,Rianon,Tidball,rtidballlz@yahoo.co.jp,Female,63.146.90.215
793,Rosaline,Dumbleton,rdumbletonm0@nature.com,Polygender,237.126.2.53
794,Cece,Claxton,cclaxtonm1@miibeian.gov.cn,Male,68.195.72.133
795,Hally,Lukock,hlukockm2@seattletimes.com,Female,153.130.222.36
796,Cami,Sellack,csellackm3@amazon.co.jp,Female,139.37.222.235
797,Cece,Zecchini,czecchinim4@msn.com,Male,207.50.249.154
798,Shaina,Bendelow,sbendelowm5@bing.com,Female,104.84.226.128
799,Melvin,Lilburne,mlilburnem6@t-online.de,Male,80.62.140.48
800,Jennie,Biggin,jbigginm7@ucoz.com,Genderqueer,226.181.228.70
801,Belvia,Coldridge,bcoldridgem8@independent.co.uk,Female,20.18.14.246
802,Veradis,Danilchev,vdanilchevm9@alexa.com,Female,45.74.67.170
803,Brett,Jillins,bjillinsma@spiegel.de,Male,250.93.132.201
804,Florentia,Pember,fpembermb@google.ru,Female,38.197.93.65
805,Halley,Donisthorpe,hdonisthorpemc@goo.gl,Female,62.131.239.68
806,Kristi,Birth,kbirthmd@europa.eu,Female,236.220.40.196
807,Mireille,Dashwood,mdashwoodme@w3.org,Female,196.143.208.11
808,Fee,Brownbill,fbrownbillmf@statcounter.com,Male,140.133.44.207
809,Curry,Saunter,csauntermg@sogou.com,Male,211.130.253.167
810,Shanie,Lantiff,slantiffmh@berkeley.edu,Female,242.198.52.185
811,Orsola,Orth,oorthmi@newyorker.com,Female,80.129.0.159
812,Rogerio,Iacopini,riacopinimj@dedecms.com,Male,74.81.118.99
813,Cori,Santori,csantorimk@slashdot.org,Male,111.103.165.165
814,Rori,Crebbin,rcrebbinml@sfgate.com,Female,111.201.25.168
815,Sergeant,Peres,speresmm@cocolog-nifty.com,Male,174.174.74.199
816,Eugenius,Burl,eburlmn@people.com.cn,Agender,241.246.48.76
817,Christabella,Maytom,cmaytommo@businesswire.com,Female,19.83.130.173
818,Armstrong,Bartell,abartellmp@nps.gov,Male,91.154.176.66
819,Sammy,Vsanelli,svsanellimq@umn.edu,Male,248.126.170.71
820,Aidan,Bullen,abullenmr@ask.com,Female,57.150.184.217
821,Dorolice,Kitchenside,dkitchensidems@uiuc.edu,Female,189.78.34.68
822,Daisey,Isaksson,disakssonmt@goo.ne.jp,Female,80.87.109.215
823,Dora,Kording,dkordingmu@oaic.gov.au,Agender,189.247.40.174
824,Nancy,Lindenfeld,nlindenfeldmv@whitehouse.gov,Polygender,175.83.112.130
825,Vida,Birkhead,vbirkheadmw@addthis.com,Polygender,53.128.247.102
826,Niki,Benbough,nbenboughmx@mail.ru,Non-binary,77.84.59.186
827,Michael,Mockler,mmocklermy@fotki.com,Genderfluid,220.7.138.167
828,Raynell,Quinnelly,rquinnellymz@engadget.com,Female,54.197.31.38
829,Domenic,Pumfrey,dpumfreyn0@cam.ac.uk,Male,160.234.141.190
830,Prisca,Blowers,pblowersn1@miibeian.gov.cn,Female,182.230.239.212
831,Nye,Featherstonehaugh,nfeatherstonehaughn2@state.tx.us,Male,144.104.187.220
832,Rhianna,Truitt,rtruittn3@uiuc.edu,Genderfluid,86.86.125.84
833,Pen,Zavattiero,pzavattieron4@merriam-webster.com,Polygender,13.62.187.156
834,Pennie,Piggott,ppiggottn5@ycombinator.com,Bigender,161.89.44.146
835,Angel,Spitaro,aspitaron6@example.com,Male,165.246.195.231
836,Sherilyn,Greville,sgrevillen7@liveinternet.ru,Female,27.98.191.195
837,Brunhilda,Emmett,bemmettn8@surveymonkey.com,Female,109.131.143.8
838,Kathye,Scoles,kscolesn9@disqus.com,Female,158.155.90.151
839,Dunn,Silverthorne,dsilverthornena@squarespace.com,Male,252.98.221.30
840,Spense,Cliff,scliffnb@rambler.ru,Male,101.2.58.150
841,Morry,Holsey,mholseync@who.int,Male,95.63.122.139
842,Selby,Akaster,sakasternd@wikispaces.com,Male,211.196.130.97
843,Monte,Louedey,mlouedeyne@ft.com,Non-binary,187.36.132.182
844,Nial,Assinder,nassindernf@wix.com,Male,124.224.217.249
845,Philipa,Reddihough,preddihoughng@com.com,Female,167.135.32.113
846,Harp,Grumell,hgrumellnh@google.ca,Male,104.53.17.217
847,Wren,Duckworth,wduckworthni@deliciousdays.com,Female,151.77.157.138
848,Tuesday,Gammett,tgammettnj@flickr.com,Female,30.172.107.162
849,Bing,Fance,bfancenk@dropbox.com,Male,219.251.112.91
850,Gail,Gooley,ggooleynl@google.co.uk,Female,230.183.120.213
851,Marylinda,Foulsham,mfoulshamnm@techcrunch.com,Female,224.206.85.74
852,Tomkin,Masding,tmasdingnn@youtu.be,Male,139.128.151.170
853,Piggy,Ladbrook,pladbrookno@ox.ac.uk,Male,153.115.151.62
854,Ash,MacNelly,amacnellynp@privacy.gov.au,Male,127.52.149.240
855,Tanhya,Frankland,tfranklandnq@tripadvisor.com,Agender,42.83.203.109
856,Hynda,Mallon,hmallonnr@disqus.com,Female,111.136.177.213
857,Gabie,Aberdalgy,gaberdalgyns@nydailynews.com,Female,78.7.214.194
858,Rafael,Idwal Evans,ridwalevansnt@accuweather.com,Agender,128.219.102.72
859,Georg,McGilvra,gmcgilvranu@hexun.com,Male,117.60.212.117
860,Lorine,Willford,lwillfordnv@examiner.com,Female,231.51.233.43
861,Vivianna,Welden,vweldennw@people.com.cn,Non-binary,159.197.106.71
862,Caron,Easterling,ceasterlingnx@hhs.gov,Female,190.23.37.57
863,Hallie,Gurnell,hgurnellny@squidoo.com,Female,237.86.202.200
864,Nanice,Uppett,nuppettnz@hubpages.com,Female,88.48.188.200
865,Nevins,Glowinski,nglowinskio0@yellowpages.com,Male,207.49.35.215
866,Pepi,Prium,ppriumo1@spiegel.de,Female,155.234.55.1
867,Felix,Rallings,frallingso2@wunderground.com,Male,93.211.135.170
868,Dante,Markwelley,dmarkwelleyo3@toplist.cz,Male,241.231.168.25
869,Dion,Whaplington,dwhaplingtono4@delicious.com,Female,187.192.120.186
870,Kellby,Greste,kgresteo5@purevolume.com,Male,253.34.116.219
871,Arne,Obert,aoberto6@mozilla.com,Male,156.24.153.249
872,Aurelie,Saines,asaineso7@army.mil,Female,248.213.91.101
873,Sherwood,Weatherby,sweatherbyo8@bandcamp.com,Male,151.212.122.235
874,Bryn,Calvert,bcalverto9@rediff.com,Female,44.77.166.138
875,Amble,Falco,afalcooa@mapy.cz,Male,183.110.240.51
876,Camila,Durnford,cdurnfordob@jimdo.com,Female,1.30.203.9
877,Nancy,Howatt,nhowattoc@vk.com,Female,156.18.3.9
878,Upton,Chattell,uchattellod@state.tx.us,Male,179.247.97.144
879,Vi,Deveraux,vdeverauxoe@va.gov,Female,33.121.253.206
880,Hans,Ternott,hternottof@godaddy.com,Male,196.9.101.231
881,Sigismondo,Bernucci,sbernucciog@yahoo.com,Male,63.242.132.87
882,Abrahan,Fitt,afittoh@xing.com,Male,99.145.15.218
883,Abbye,Brew,abrewoi@flickr.com,Female,111.51.61.123
884,Mag,Simnor,msimnoroj@bloomberg.com,Female,54.60.97.152
885,Merissa,Dann,mdannok@va.gov,Female,119.210.68.5
886,Vitoria,Capsey,vcapseyol@shareasale.com,Female,67.4.76.168
887,Douglas,Devennie,ddevennieom@live.com,Agender,31.218.21.94
888,Lew,Gellan,lgellanon@usda.gov,Male,183.81.146.220
889,Roxie,Bondley,rbondleyoo@facebook.com,Female,225.37.47.140
890,Tabitha,Bouller,tboullerop@wikimedia.org,Female,237.102.0.26
891,Joleen,Pagram,jpagramoq@spotify.com,Female,69.244.47.217
892,Kellsie,Bouzek,kbouzekor@gmpg.org,Female,144.255.73.163
893,Dredi,Swales,dswalesos@webeden.co.uk,Female,163.240.223.44
894,Laura,Dudley,ldudleyot@github.io,Female,20.214.203.14
895,Mikael,Furmagier,mfurmagierou@rambler.ru,Male,151.230.244.233
896,Byran,Aleveque,balevequeov@webeden.co.uk,Male,13.16.167.115
897,Alejoa,Ceci,aceciow@google.nl,Male,35.227.59.36
898,Kynthia,Davall,kdavallox@washington.edu,Female,198.196.255.113
899,Laurie,Niblock,lniblockoy@yellowpages.com,Female,83.204.28.198
900,Glynn,Finnick,gfinnickoz@nydailynews.com,Male,239.52.60.17
901,Chilton,Sieghart,csieghartp0@netlog.com,Male,118.159.72.36
902,Evey,May,emayp1@statcounter.com,Polygender,201.98.49.73
903,Chicky,Pickton,cpicktonp2@sbwire.com,Male,211.82.86.128
904,Dulcia,Lissemore,dlissemorep3@t-online.de,Female,135.81.167.2
905,Claudell,Nottle,cnottlep4@wp.com,Agender,199.27.120.50
906,Leoline,Wellfare,lwellfarep5@blinklist.com,Female,35.45.8.156
907,Marsh,Kulver,mkulverp6@seesaa.net,Male,202.71.119.14
908,Hoyt,Wash,hwashp7@google.it,Male,111.107.42.190
909,Amitie,McElvine,amcelvinep8@technorati.com,Female,193.71.71.88
910,Anna-diane,Diver,adiverp9@instagram.com,Female,26.113.199.184
911,Court,Darthe,cdarthepa@quantcast.com,Male,239.13.58.205
912,Reagan,Wealthall,rwealthallpb@uiuc.edu,Male,127.62.178.155
913,Sybille,Kobelt,skobeltpc@eventbrite.com,Bigender,229.114.224.116
914,Tandi,Huleatt,thuleattpd@va.gov,Female,108.77.83.156
915,Rosalinda,Pierpoint,rpierpointpe@house.gov,Female,206.74.146.117
916,Michaelina,Fillis,mfillispf@weebly.com,Female,47.176.120.191
917,Debi,Artz,dartzpg@washington.edu,Female,45.231.61.136
918,Dennet,Dearness,ddearnessph@histats.com,Male,56.149.118.108
919,Cassie,Filchakov,cfilchakovpi@networksolutions.com,Male,95.58.185.67
920,Lucila,Dobrowolski,ldobrowolskipj@archive.org,Female,215.133.148.231
921,Dawna,Emmison,demmisonpk@vistaprint.com,Female,26.146.118.10
922,Paxton,Hakking,phakkingpl@stumbleupon.com,Bigender,175.175.214.210
923,Alfred,Groll,agrollpm@squarespace.com,Male,37.251.89.210
924,Aile,Fine,afinepn@deviantart.com,Female,39.89.26.89
925,Oriana,Benbow,obenbowpo@nymag.com,Female,93.27.81.180
926,Juliana,Tailour,jtailourpp@mac.com,Female,223.0.231.18
927,Ariel,O'Conor,aoconorpq@xing.com,Male,191.126.149.2
928,Johanna,Zupone,jzuponepr@tiny.cc,Female,175.95.116.62
929,Sandy,Tullett,stullettps@google.pl,Male,212.175.22.10
930,Sharon,Meeny,smeenypt@fastcompany.com,Female,234.143.51.193
931,Huntley,Valder,hvalderpu@discovery.com,Male,48.242.249.187
932,Benny,Hillan,bhillanpv@mlb.com,Female,182.223.200.45
933,Beckie,Godbold,bgodboldpw@google.nl,Female,85.160.79.44
934,Lennard,Ennever,lenneverpx@shareasale.com,Male,204.205.32.168
935,Janine,Cudiff,jcudiffpy@tumblr.com,Female,47.56.75.177
936,Eduino,Shasnan,eshasnanpz@nih.gov,Male,192.79.36.109
937,Lionello,Marrian,lmarrianq0@uol.com.br,Male,31.10.159.239
938,Valeda,Bensen,vbensenq1@squarespace.com,Female,202.167.137.211
939,Drucie,Hedger,dhedgerq2@china.com.cn,Female,207.110.67.69
940,Jared,Di Ruggiero,jdiruggieroq3@wiley.com,Male,154.41.84.195
941,Dalton,Oxburgh,doxburghq4@liveinternet.ru,Male,202.114.196.135
942,Vern,Tripp,vtrippq5@columbia.edu,Male,240.11.198.240
943,Merralee,Tretter,mtretterq6@diigo.com,Female,27.174.26.44
944,Stacy,Leeman,sleemanq7@dropbox.com,Male,238.133.31.71
945,Tomi,Meyer,tmeyerq8@si.edu,Female,18.120.75.131
946,Jasmin,Folkard,jfolkardq9@t.co,Female,208.53.14.200
947,Joella,Janaszkiewicz,jjanaszkiewiczqa@hud.gov,Female,58.43.129.220
948,Larina,Bankes,lbankesqb@blogs.com,Female,66.0.59.231
949,Erroll,Gagen,egagenqc@nasa.gov,Male,219.238.57.193
950,Teri,Hugin,thuginqd@eepurl.com,Female,73.3.50.50
951,Darrin,Kirman,dkirmanqe@whitehouse.gov,Male,129.216.104.142
952,Petronilla,Mardee,pmardeeqf@spotify.com,Female,4.178.170.92
953,Taddeo,Wilber,twilberqg@ebay.com,Male,50.243.225.116
954,Torrance,Mattis,tmattisqh@ca.gov,Male,186.150.174.249
955,Prescott,Juszczyk,pjuszczykqi@shutterfly.com,Male,232.200.113.179
956,Cortney,Bertwistle,cbertwistleqj@fc2.com,Female,139.146.185.83
957,Mel,Prandin,mprandinqk@altervista.org,Female,23.77.153.71
958,Chrysa,Peek,cpeekql@desdev.cn,Bigender,198.29.194.18
959,Rowen,Spowage,rspowageqm@canalblog.com,Male,118.8.164.236
960,Bill,Tolchard,btolchardqn@sina.com.cn,Male,239.7.205.157
961,Merrill,Danilchev,mdanilchevqo@rambler.ru,Male,226.126.140.149
962,Rowney,Spinage,rspinageqp@creativecommons.org,Male,204.171.245.51
963,Constantin,Blare,cblareqq@wired.com,Male,247.23.163.77
964,Leah,Tipping,ltippingqr@sphinn.com,Female,5.154.193.182
965,Constantin,Christin,cchristinqs@abc.net.au,Male,134.55.16.158
966,Clemens,Vaney,cvaneyqt@amazon.com,Male,95.134.181.200
967,Roxane,Roulston,rroulstonqu@xinhuanet.com,Female,83.64.182.32
968,Selby,Gascard,sgascardqv@bing.com,Male,25.206.61.173
969,Honey,Ivison,hivisonqw@timesonline.co.uk,Female,26.143.16.199
970,Tersina,Ellard,tellardqx@ehow.com,Female,142.194.202.85
971,Perla,Bisterfeld,pbisterfeldqy@reddit.com,Female,239.95.21.219
972,Sylvan,Glynne,sglynneqz@amazon.com,Male,137.248.76.24
973,Jard,Childes,jchildesr0@naver.com,Male,218.47.79.84
974,Christie,Korn,ckornr1@smh.com.au,Female,123.57.236.44
975,Ignaz,Brahm,ibrahmr2@nytimes.com,Male,168.115.123.170
976,Courtney,Elven,celvenr3@eepurl.com,Male,105.179.106.76
977,Natka,Sharram,nsharramr4@wsj.com,Female,169.30.254.20
978,Myer,Blackham,mblackhamr5@tuttocitta.it,Male,132.151.105.99
979,Buddie,Kachel,bkachelr6@tinypic.com,Male,80.43.7.103
980,Flora,McDowall,fmcdowallr7@webnode.com,Female,204.167.143.101
981,Shaine,Stadding,sstaddingr8@163.com,Female,233.231.58.209
982,Valentine,Oldfield-Cherry,voldfieldcherryr9@msu.edu,Male,130.163.107.110
983,Elvira,Barke,ebarkera@mozilla.org,Female,82.180.202.253
984,Randolph,Reolfi,rreolfirb@sina.com.cn,Bigender,130.21.112.195
985,Kinnie,Malam,kmalamrc@pcworld.com,Male,229.64.152.219
986,Simone,Figgins,sfigginsrd@thetimes.co.uk,Female,40.38.10.93
987,Tremain,Teall,tteallre@etsy.com,Male,168.119.80.116
988,Jacinthe,Escreet,jescreetrf@soup.io,Female,65.53.47.117
989,Kin,Sivyer,ksivyerrg@uol.com.br,Male,36.108.196.120
990,Stefa,Forster,sforsterrh@cpanel.net,Female,99.75.224.100
991,Bendicty,Valerius,bvaleriusri@foxnews.com,Non-binary,9.237.148.37
992,Cris,McCallister,cmccallisterrj@reference.com,Male,17.181.241.28
993,Antonin,de Banke,adebankerk@vk.com,Male,21.60.253.109
994,Loria,Lovejoy,llovejoyrl@omniture.com,Female,253.100.65.120
995,Jo-ann,Linning,jlinningrm@shareasale.com,Female,168.54.104.33
996,Stephenie,Bittlestone,sbittlestonern@discovery.com,Female,182.205.219.157
997,Cristionna,Jirik,cjirikro@linkedin.com,Agender,247.243.254.48
998,Leicester,Stairmond,lstairmondrp@1und1.de,Male,131.92.128.234
999,Boycey,Salzburg,bsalzburgrq@stumbleupon.com,Male,187.244.146.187
1000,Emogene,Jeffers,ejeffersrr@ca.gov,Female,18.54.219.92
